ID;FullName;Title;Street;PostalCode;City;Country_code;PhoneNumber;EMailAddress
##1;Theresia Buchholm;Mrs.;Lerchenstr. 82;71116;Gaertringen;DE;+49-341-184709;theresia.buchholm@flight.example.de
0000000001;Johannes Buchholm;Mr.;Muehltalstr. 14;68723;Schwetzingen;DE;+49-291-299232;johannes.buchholm@flight.example.de
0000000002;James Buchholm;Mr.;Froschstr. 91;90419;Nuernberg;DE;+49-601-130850;james.buchholm@flight.example.de
0000000003;Thomas Buchholm;Mr.;Hauptstr. 84;63263;Neu-Isenburg;DE;+49-394-339928;thomas.buchholm@flight.example.de
0000000004;Anna Buchholm;Mrs.;Hasnerstrasse 13;4020;Linz;AT;+43-957-258037;anna.buchholm@flight.example.at
0000000005;Uli Buchholm;Mrs.;Caspar-David-Friedrich-Str. 97;75757;Elsenz;DE;+49-367-156738;uli.buchholm@flight.example.de
0000000006;Jean-Luc Buchholm;Mr.;Lake Shore Drive 92;22334;San Francisco;US;+1-848-371606;jean-luc.buchholm@flight.example.us
0000000011;August Buchholm;Mr.;Lerchenstr. 23;64342;Seeheim-Jugenheim;DE;+49-184-089871;august.buchholm@flight.example.de
0000000016;Achim Buchholm;Mr.;Stauboernchenstrasse 64;76137;Karlsruhe;DE;+49-797-976779;achim.buchholm@flight.example.de
0000000017;Irmtraut Buchholm;Mrs.;Franz-Marc-Str. 31;69207;Kurt;DE;+49-417-532827;irmtraut.buchholm@flight.example.de
0000000018;Thilo Buchholm;Mr.;Golden Gate Drive 10;17844;Washington;US;+1-178-451995;thilo.buchholm@flight.example.us
0000000019;Adam Buchholm;Mr.;Via Giulio Cesare 55;00195;Roma;IT;+39-599-068501;adam.buchholm@flight.example.it
0000000021;Christa Buchholm;Mrs.;Zwischergasse 28;64283;Darmstadt;DE;+49-202-786338;christa.buchholm@flight.example.de
0000000022;Andreas Vrsic;Mr.;Carl-Metz Strasse 19;69190;Walldorf;DE;+49-290-279097;andreas.vrsic@flight.example.de
0000000023;Adam Vrsic;Mr.;Via Giulio Cesare 55;00195;Roma;IT;+39-668-295457;adam.vrsic@flight.example.it
0000000024;Max Vrsic;Mr.;Caspar-David-Friedrich-Str. 100;15344;Strausberg;DE;+49-182-347044;max.vrsic@flight.example.de
0000000025;Uli Vrsic;Mrs.;Golden Gate Drive 96;63728;New Orleans;US;+1-877-138602;uli.vrsic@flight.example.us
0000000026;Max Vrsic;Mr.;Rankestr. 100;15344;Strausberg;DE;+49-778-692286;max.vrsic@flight.example.de
0000000027;Uli Vrsic;Mrs.;Franz-Marc-Str. 97;75757;Elsenz;DE;+49-444-014771;uli.vrsic@flight.example.de
0000000028;Uli Jeremias;Mrs.;Waldmann 97;75757;Elsenz;DE;+49-964-656127;uli.jeremias@flight.example.de
0000000029;Johann Jeremias;Mr.;Elzstrasse 16;68789;St. Leon-Rot;DE;+49-888-680507;johann.jeremias@flight.example.de
0000000030;Marta Jeremias;Mrs.;Schillerstr. 73;69180;Wiesloch;DE;+49-597-642616;marta.jeremias@flight.example.de
0000000031;Uli Jeremias;Mrs.;Schillerstr. 98;75757;Elsenz;DE;+49-402-216176;uli.jeremias@flight.example.de
0000000032;Siegfried Jeremias;Mr.;Karl-Marx-Allee 99;70111;Reutlingen;DE;+49-327-932455;siegfried.jeremias@flight.example.de
0000000036;Uli Jeremias;Mrs.;Golden Gate Drive 96;63728;New Orleans;US;+1-979-397077;uli.jeremias@flight.example.us
0000000038;Andrej Jeremias;Mr.;Hasnerstrasse 11;4020;Linz;AT;+43-708-350117;andrej.jeremias@flight.example.at
0000000039;Jean Jeremias;Mr.;Windstone Drive 49;76018;Arlington;US;+1-507-627802;jean.jeremias@flight.example.us
0000000040;Ruth Jeremias;Mrs.;Akazienweg 80;71116;Gaertringen;DE;+49-561-068521;ruth.jeremias@flight.example.de
0000000041;Ruth Jeremias;Mrs.;Gartenstr. 81;71116;Gaertringen;DE;+49-992-843745;ruth.jeremias@flight.example.de
0000000042;Holm Jeremias;Mr.;Raupelsweg 30;69207;Kurt;DE;+49-361-117645;holm.jeremias@flight.example.de
0000000043;Johannes Jeremias;Mr.;Froschstr. 15;68789;St. Leon-Rot;DE;+49-379-419386;johannes.jeremias@flight.example.de
0000000044;Simon Jeremias;Mr.;Rankestr. 1;23496;Dielheim;DE;+49-565-525925;simon.jeremias@flight.example.de
0000000045;Walter Jeremias;Mr.;Im Warmet 43;68163;Mannheim-Lindenhof;DE;+49-560-102459;walter.jeremias@flight.example.de
0000000046;Andrej Gutenberg;Mr.;Hasnerstrasse 12;4020;Linz;AT;+43-541-295006;andrej.gutenberg@flight.example.at
0000000051;Jean-Luc Gutenberg;Mr.;Voodoo Avenue 92;22334;San Francisco;US;+1-724-243193;jean-luc.gutenberg@flight.example.us
0000000052;Allen Gutenberg;Mr.;Golden Gate Drive 64;07666;Teaneck;US;+1-461-048473;allen.gutenberg@flight.example.us
0000000053;Astrid Gutenberg;Mrs.;Franz-Marc-Str. 80;71116;Gaertringen;DE;+49-554-155645;astrid.gutenberg@flight.example.de
0000000062;Peter Gutenberg;Mr.;Stauboernchenstrasse 88;16233;Potsdam;DE;+49-936-608305;peter.gutenberg@flight.example.de
0000000064;Uli Gutenberg;Mrs.;Ausserhalb 96;75757;Elsenz;DE;+49-727-032302;uli.gutenberg@flight.example.de
0000000066;Cindy Gutenberg;Mrs.;rue Nieuport 51;06130;Grasse;FR;+33-614-244824;cindy.gutenberg@flight.example.fr
0000000067;Lee Gutenberg;Mr.;Oak Street 66;07666;Teaneck;US;+1-777-577758;lee.gutenberg@flight.example.us
0000000069;Ruth Gutenberg;Mrs.;Akazienweg 80;71116;Gaertringen;DE;+49-253-734727;ruth.gutenberg@flight.example.de
0000000072;Volker Gutenberg;Mr.;Wilhelminentr. 4;86343;Koenigsbrunn;DE;+49-216-423891;volker.gutenberg@flight.example.de
0000000073;Kurt Gutenberg;Mr.;Gruenlingweg 37;68753;Amelie;DE;+49-346-339582;kurt.gutenberg@flight.example.de
0000000075;Friedrich Gutenberg;Mr.;Ausserhalb 85;63263;Neu-Isenburg;DE;+49-929-637659;friedrich.gutenberg@flight.example.de
0000000077;Mathilde Gutenberg;Mrs.;Melissenstr. 22;64342;Seeheim-Jugenheim;DE;+49-143-043896;mathilde.gutenberg@flight.example.de
0000000078;Benjamin Gutenberg;Mr.;Rue Balzac 94;75839;Paris;FR;+33-702-290855;benjamin.gutenberg@flight.example.fr
0000000079;Florian Fischmann;Mr.;Sagamore St. 69;17758;N. Massapequa;US;+1-402-838641;florian.fischmann@flight.example.us
0000000080;Guillermo Fischmann;Mr.;Lake Shore Drive 68;17758;N. Massapequa;US;+1-658-201545;guillermo.fischmann@flight.example.us
0000000081;Matthias Fischmann;Mr.;Meerfeldstr. 40;67105;Schifferstadt;DE;+49-408-391502;matthias.fischmann@flight.example.de
0000000082;Christine Fischmann;Mrs.;Pza. Pablo Ruiz Picasso 76;41006;Sevilla;ES;+34-575-380123;christine.fischmann@flight.example.es
0000000083;Salvador Fischmann;Mr.;Camelias 75;08014;Barcelona;ES;+34-897-813632;salvador.fischmann@flight.example.es
0000000084;Salvador Fischmann;Mr.;Pza. Pablo Ruiz Picasso 75;08014;Barcelona;ES;+34-267-608201;salvador.fischmann@flight.example.es
0000000085;Chantal Columbo;Mrs.;rue Voltaire 48;B - 1030;Bruxelles;BE;+32-516-362256;chantal.columbo@flight.example.be
0000000086;Matthias Columbo;Mr.;Franz-Marc-Str. 40;67105;Schifferstadt;DE;+49-385-402292;matthias.columbo@flight.example.de
0000000087;Walter Columbo;Mr.;Im Warmet 43;68163;Mannheim-Lindenhof;DE;+49-257-613249;walter.columbo@flight.example.de
0000000088;Lee Columbo;Mr.;Oak Street 66;07666;Teaneck;US;+1-883-722676;lee.columbo@flight.example.us
0000000089;Christoph Columbo;Mr.;Erlengrund 18;69231;Rauenberg;DE;+49-306-848583;christoph.columbo@flight.example.de
0000000090;Christoph Columbo;Mr.;Arndtstrasse 18;69231;Rauenberg;DE;+49-131-183282;christoph.columbo@flight.example.de
0000000091;Holm Columbo;Mr.;Karl-Schwaner-Str. 31;69207;Kurt;DE;+49-268-164747;holm.columbo@flight.example.de
0000000092;Ulla Columbo;Mrs.;Camelias 71;28020;Madrid;ES;+34-810-781441;ulla.columbo@flight.example.es
0000000093;Ruth Columbo;Mrs.;Erlengrund 80;71116;Gaertringen;DE;+49-569-107478;ruth.columbo@flight.example.de
0000000094;Volker Columbo;Mr.;Im Warmet 4;86343;Koenigsbrunn;DE;+49-864-200980;volker.columbo@flight.example.de
0000000095;Irmtraut Columbo;Mrs.;Karl-Marx-Allee 32;79104;Freiburg;DE;+49-435-675969;irmtraut.columbo@flight.example.de
0000000096;Christa Columbo;Mrs.;Rankestr. 28;64283;Darmstadt;DE;+49-576-667502;christa.columbo@flight.example.de
0000000097;Peter Columbo;Mr.;Goeckinghofstr. 88;16233;Potsdam;DE;+49-373-908611;peter.columbo@flight.example.de
0000000098;Jasmin Columbo;Mrs.;Zwischergasse 5;86343;Koenigsbrunn;DE;+49-357-207833;jasmin.columbo@flight.example.de
0000000099;Johann Columbo;Mr.;Ausfallstr. 15;68789;St. Leon-Rot;DE;+49-372-872364;johann.columbo@flight.example.de
0000000100;Thilo Neubasler;Mr.;Sagamore St. 10;17844;Washington;US;+1-726-883966;thilo.neubasler@flight.example.us
0000000102;Max Neubasler;Mr.;Ausserhalb 100;15344;Strausberg;DE;+49-813-577391;max.neubasler@flight.example.de
0000000103;Theresia Neubasler;Mrs.;Sagamore St. 83;60657;Chicago;US;+1-253-665685;theresia.neubasler@flight.example.us
0000000106;Theresia Neubasler;Mrs.;Voodoo Avenue 83;60657;Chicago;US;+1-535-296054;theresia.neubasler@flight.example.us
0000000107;Florian Neubasler;Mr.;Golden Gate Drive 70;09765;Boulder;US;+1-335-171043;florian.neubasler@flight.example.us
0000000112;Anna Neubasler;Mrs.;Hasnerstrasse 13;4020;Linz;AT;+43-439-079672;anna.neubasler@flight.example.at
0000000115;Irmtraut Neubasler;Mrs.;Karl-Marx-Allee 32;79104;Freiburg;DE;+49-535-920873;irmtraut.neubasler@flight.example.de
0000000121;Christine Neubasler;Mrs.;Caspar-David-Friedrich-Str. 77;75305;Neuenburg;DE;+49-840-161517;christine.neubasler@flight.example.de
0000000122;Hendrik Neubasler;Mr.;Sagamore St. 96;63728;New Orleans;US;+1-208-624417;hendrik.neubasler@flight.example.us
0000000123;Jean Neubasler;Mr.;Sagamore St. 50;76018;Arlington;US;+1-966-548822;jean.neubasler@flight.example.us
0000000124;Volker Neubasler;Mr.;Zwischergasse 4;86343;Koenigsbrunn;DE;+49-963-864212;volker.neubasler@flight.example.de
0000000125;Lee Neubasler;Mr.;Voodoo Avenue 67;17758;N. Massapequa;US;+1-703-543129;lee.neubasler@flight.example.us
0000000126;Sophie Neubasler;Mrs.;Rue Balzac 44;78140;Vélizy;FR;+33-757-179298;sophie.neubasler@flight.example.fr
0000000127;Anna Neubasler;Mrs.;Hasnerstrasse 13;4020;Linz;AT;+43-314-016658;anna.neubasler@flight.example.at
0000000128;Horst Neubasler;Mr.;Karl-Schwaner-Str. 39;68163;Mannheim;DE;+49-793-230198;horst.neubasler@flight.example.de
0000000129;Mathilde Martin;Mrs.;Stiftsbogen 22;58332;Schwelm;DE;+49-538-792547;mathilde.martin@flight.example.de
0000000130;Christine Martin;Mrs.;Elzstrasse 77;75305;Neuenburg;DE;+49-817-725651;christine.martin@flight.example.de
0000000131;Jasmin Martin;Mrs.;Gruenlingweg 6;86343;Koenigsbrunn;DE;+49-289-644110;jasmin.martin@flight.example.de
0000000132;Astrid Martin;Mrs.;N7, 80;71116;Gaertringen;DE;+49-350-851827;astrid.martin@flight.example.de
0000000133;Volker Martin;Mr.;Zwischergasse 4;86343;Koenigsbrunn;DE;+49-226-572643;volker.martin@flight.example.de
0000000134;Andreas Martin;Mr.;Carl-Metz Strasse 19;69190;Walldorf;DE;+49-526-056032;andreas.martin@flight.example.de
0000000135;Amelie Martin;Mrs.;Caspar-David-Friedrich-Str. 41;68163;Mannheim-Lindenhof;DE;+49-730-786042;amelie.martin@flight.example.de
0000000136;Jean Detemple;Mr.;Federal Avenue 49;76018;Arlington;US;+1-149-196991;jean.detemple@flight.example.us
0000000137;Claire Detemple;Mrs.;rue de Moillebeau 46;1211;Genève;CH;+41-197-711125;claire.detemple@flight.example.ch
0000000138;Sophie Detemple;Mrs.;route de Pégomas 45;78140;Vélizy;FR;+33-413-794457;sophie.detemple@flight.example.fr
0000000143;Jean Detemple;Mr.;Windstone Drive 49;76018;Arlington;US;+1-898-378215;jean.detemple@flight.example.us
0000000144;Allen Detemple;Mr.;17th St. 65;07666;Teaneck;US;+1-632-320607;allen.detemple@flight.example.us
0000000146;Astrid Detemple;Mrs.;Alte Reichsstr. 80;71116;Gaertringen;DE;+49-448-790277;astrid.detemple@flight.example.de
0000000147;Ulla Detemple;Mrs.;Pza. Pablo Ruiz Picasso 71;28020;Madrid;ES;+34-438-265507;ulla.detemple@flight.example.es
0000000148;Jean-Luc Detemple;Mr.;17th St. 93;22334;San Francisco;US;+1-756-085031;jean-luc.detemple@flight.example.us
0000000149;Christine Detemple;Mrs.;Pza. Pablo Ruiz Picasso 76;41006;Sevilla;ES;+34-262-297947;christine.detemple@flight.example.es
0000000150;Ruth Detemple;Mrs.;Lerchenstr. 81;71116;Gaertringen;DE;+49-959-584393;ruth.detemple@flight.example.de
0000000151;Christa Detemple;Mrs.;N7, 28;64283;Darmstadt;DE;+49-872-561371;christa.detemple@flight.example.de
0000000153;Ulla Barth;Mrs.;Camelias 71;28020;Madrid;ES;+34-891-254261;ulla.barth@flight.example.es
0000000154;Guillermo Barth;Mr.;Lake Shore Drive 68;17758;N. Massapequa;US;+1-649-611786;guillermo.barth@flight.example.us
0000000155;Simon Barth;Mr.;Auf dem Huegel 1;23496;Dielheim;DE;+49-997-680123;simon.barth@flight.example.de
0000000157;Lee Barth;Mr.;Oak Street 66;07666;Teaneck;US;+1-773-027654;lee.barth@flight.example.us
0000000158;Juan Barth;Mr.;Camelias 72;28020;Madrid;ES;+34-726-013617;juan.barth@flight.example.es
0000000160;Christoph Barth;Mr.;Auf dem Huegel 17;66464;Homburg;DE;+49-480-553320;christoph.barth@flight.example.de
0000000162;Allen Barth;Mr.;Lake Shore Drive 65;07666;Teaneck;US;+1-640-940542;allen.barth@flight.example.us
0000000164;Anna Barth;Mrs.;Hasnerstrasse 12;4020;Linz;AT;+43-932-969301;anna.barth@flight.example.at
0000000166;Claire Benz;Mrs.;rue de Moillebeau 46;1211;Genève;CH;+41-519-324394;claire.benz@flight.example.ch
0000000168;Cindy Benz;Mrs.;Lake Shore Drive 50;76018;Arlington;US;+1-458-592947;cindy.benz@flight.example.us
0000000173;Dominik Benz;Mr.;Arndtstrasse 78;75305;Neuenburg;DE;+49-511-874606;dominik.benz@flight.example.de
0000000174;Uli Benz;Mrs.;Ausserhalb 96;75757;Elsenz;DE;+49-416-309814;uli.benz@flight.example.de
0000000175;Lothar Benz;Mr.;Arionweg 58;67663;Kaiserslautern;DE;+49-514-810697;lothar.benz@flight.example.de
0000000176;Laura Benz;Mrs.;Am Deich 35;79312;Emmendingen;DE;+49-871-814327;laura.benz@flight.example.de
0000000183;Peter Hansmann;Mr.;Gruenlingweg 88;16233;Potsdam;DE;+49-657-264522;peter.hansmann@flight.example.de
0000000184;Annemarie Hansmann;Mrs.;Karl-Marx-Allee 59;66386;St. Ingbert;DE;+49-862-474532;annemarie.hansmann@flight.example.de
0000000185;Ruth Hansmann;Mrs.;Lerchenstr. 81;71116;Gaertringen;DE;+49-440-688092;ruth.hansmann@flight.example.de
0000000186;August Hansmann;Mr.;Ausfallstr. 23;69121;Heidelberg;DE;+49-877-296608;august.hansmann@flight.example.de
0000000187;Harish Hansmann;Mr.;Im Warmet 2;23496;Dielheim;DE;+49-314-581556;harish.hansmann@flight.example.de
0000000188;Salvador Hansmann;Mr.;Camelias 76;41006;Sevilla;ES;+34-566-085666;salvador.hansmann@flight.example.es
0000000198;Theresia Hansmann;Mrs.;Voodoo Avenue 83;60657;Chicago;US;+1-825-321406;theresia.hansmann@flight.example.us
0000000199;Georg Hansmann;Mr.;Max-Planck-Str. 26;63150;Heusenstamm;DE;+49-573-331410;georg.hansmann@flight.example.de
0000000200;Theresia Hansmann;Mrs.;Voodoo Avenue 83;60657;Chicago;US;+1-504-147677;theresia.hansmann@flight.example.us
0000000201;Cindy Hansmann;Mrs.;rue Nieuport 51;06130;Grasse;FR;+33-325-787831;cindy.hansmann@flight.example.fr
0000000206;Benjamin Hansmann;Mr.;route de Pégomas 95;75839;Paris;FR;+33-633-420544;benjamin.hansmann@flight.example.fr
0000000207;Ulla Koslowski;Mrs.;Pza. Pablo Ruiz Picasso 70;28020;Madrid;ES;+34-671-137371;ulla.koslowski@flight.example.es
0000000208;Amelie Koslowski;Mrs.;Stiftsbogen 42;68163;Mannheim-Lindenhof;DE;+49-852-697269;amelie.koslowski@flight.example.de
0000000212;Anne-Marie Koslowski;Mrs.;Froschstr. 90;90419;Nuernberg;DE;+49-995-506786;anne-marie.koslowski@flight.example.de
0000000213;Walter Koslowski;Mr.;Im Warmet 43;68163;Mannheim-Lindenhof;DE;+49-270-717981;walter.koslowski@flight.example.de
0000000214;Uli Koslowski;Mrs.;Ausserhalb 96;75757;Elsenz;DE;+49-574-978446;uli.koslowski@flight.example.de
0000000226;Annemarie Koslowski;Mrs.;Schillerstr. 59;66386;St. Ingbert;DE;+49-173-568487;annemarie.koslowski@flight.example.de
0000000227;Adam Koslowski;Mr.;Via Giulio Cesare 55;00195;Roma;IT;+39-962-806195;adam.koslowski@flight.example.it
0000000235;Johann Koslowski;Mr.;Elzstrasse 16;68789;St. Leon-Rot;DE;+49-531-068633;johann.koslowski@flight.example.de
0000000236;Johannes Wohl;Mr.;Melissenstr. 14;68723;Schwetzingen;DE;+49-911-530742;johannes.wohl@flight.example.de
0000000241;Christine Wohl;Mrs.;Carl-Metz Strasse 77;75305;Neuenburg;DE;+49-521-329143;christine.wohl@flight.example.de
0000000246;Johann Wohl;Mr.;Emil-Heckel-Str. 15;68789;St. Leon-Rot;DE;+49-963-767155;johann.wohl@flight.example.de
0000000247;August Wohl;Mr.;Hauptstr. 24;69121;Heidelberg;DE;+49-802-467568;august.wohl@flight.example.de
0000000251;Georg Wohl;Mr.;Stauboernchenstrasse 26;63150;Heusenstamm;DE;+49-754-081534;georg.wohl@flight.example.de
0000000256;Ruth Wohl;Mrs.;Dudweilerstr. 81;71116;Gaertringen;DE;+49-188-916625;ruth.wohl@flight.example.de
0000000257;Friedrich Wohl;Mr.;Meerfeldstr. 85;63263;Neu-Isenburg;DE;+49-293-431913;friedrich.wohl@flight.example.de
0000000258;Max Koller;Mr.;Akazienweg 99;70111;Reutlingen;DE;+49-573-480651;max.koller@flight.example.de
0000000259;Georg Koller;Mr.;Waldmann 26;63150;Heusenstamm;DE;+49-699-954610;georg.koller@flight.example.de
0000000260;Ludwig Koller;Mr.;Jacobistrasse 34;79104;Freiburg;DE;+49-358-532865;ludwig.koller@flight.example.de
0000000261;Theresia Koller;Mrs.;Lerchenstr. 82;71116;Gaertringen;DE;+49-306-722748;theresia.koller@flight.example.de
0000000262;Holm Koller;Mr.;Dudweilerstr. 30;69207;Kurt;DE;+49-972-411478;holm.koller@flight.example.de
0000000263;Illya Koller;Mr.;Akazienweg 25;63150;Heusenstamm;DE;+49-697-445356;illya.koller@flight.example.de
0000000264;Simon Koller;Mr.;Leichhof 2;23496;Dielheim;DE;+49-463-914888;simon.koller@flight.example.de
0000000266;Benjamin Koller;Mr.;rue Nieuport 93;75839;Paris;FR;+33-175-257299;benjamin.koller@flight.example.fr
0000000267;Mathilde Koller;Mrs.;Marktplatz 22;64342;Seeheim-Jugenheim;DE;+49-982-887931;mathilde.koller@flight.example.de
0000000268;Kurt Koller;Mr.;Mutterstadter Str. 35;79312;Emmendingen;DE;+49-947-567463;kurt.koller@flight.example.de
0000000269;James Koller;Mr.;Auf dem Huegel 91;90419;Nuernberg;DE;+49-437-151986;james.koller@flight.example.de
0000000270;Stephen Hoffen;Mr.;Gartenstr. 20;69190;Walldorf;DE;+49-535-568519;stephen.hoffen@flight.example.de
0000000271;Friedrich Hoffen;Mr.;Ausserhalb 85;63263;Neu-Isenburg;DE;+49-172-186060;friedrich.hoffen@flight.example.de
0000000272;Georg Hoffen;Mr.;N7, 26;63150;Heusenstamm;DE;+49-965-009687;georg.hoffen@flight.example.de
0000000284;Hendrik Hoffen;Mr.;Voodoo Avenue 96;63728;New Orleans;US;+1-411-534257;hendrik.hoffen@flight.example.us
0000000285;Roland Hoffen;Mr.;Arndtstrasse 62;79761;Waldshut;DE;+49-983-604979;roland.hoffen@flight.example.de
0000000286;Dominik Hoffen;Mr.;Wilhelminentr. 78;75305;Neuenburg;DE;+49-932-804619;dominik.hoffen@flight.example.de
0000000287;Chantal Hoffen;Mrs.;rue Voltaire 48;B - 1030;Bruxelles;BE;+32-225-812133;chantal.hoffen@flight.example.be
0000000289;Max Hoffen;Mr.;Akazienweg 99;70111;Reutlingen;DE;+49-196-529241;max.hoffen@flight.example.de
0000000291;Kurt Hoffen;Mr.;Waldmann 36;79312;Emmendingen;DE;+49-246-991541;kurt.hoffen@flight.example.de
0000000292;Felix Hoffen;Mr.;Schillerstr. 7;55128;Mainz;DE;+49-289-377127;felix.hoffen@flight.example.de
0000000300;Thomas Hoffen;Mr.;Lake Shore Drive 84;60657;Chicago;US;+1-380-236678;thomas.hoffen@flight.example.us
0000000307;Astrid Hoffen;Mrs.;Alte Reichsstr. 80;71116;Gaertringen;DE;+49-903-753139;astrid.hoffen@flight.example.de
0000000308;Annemarie Hoffen;Mrs.;Karl-Marx-Allee 59;66386;St. Ingbert;DE;+49-866-997418;annemarie.hoffen@flight.example.de
0000000309;Ida Hoffen;Mrs.;Raupelsweg 60;66386;St. Ingbert;DE;+49-266-568353;ida.hoffen@flight.example.de
0000000310;Adam Hoffen;Mr.;Via Giulio Cesare 55;00195;Roma;IT;+39-352-428390;adam.hoffen@flight.example.it
0000000311;Marta Dumbach;Mrs.;Albert-Schweitzer-Str. 74;69180;Wiesloch;DE;+49-421-361520;marta.dumbach@flight.example.de
0000000313;Jean-Luc Dumbach;Mr.;17th St. 92;22334;San Francisco;US;+1-795-828240;jean-luc.dumbach@flight.example.us
0000000317;Florian Dumbach;Mr.;Golden Gate Drive 70;09765;Boulder;US;+1-227-454875;florian.dumbach@flight.example.us
0000000319;Christa Dumbach;Mrs.;Caspar-David-Friedrich-Str. 29;69207;Kurt;DE;+49-809-764073;christa.dumbach@flight.example.de
0000000326;Guillermo Dumbach;Mr.;Lake Shore Drive 68;17758;N. Massapequa;US;+1-839-128172;guillermo.dumbach@flight.example.us
0000000328;Christine Dumbach;Mrs.;Pza. Pablo Ruiz Picasso 76;41006;Sevilla;ES;+34-625-816117;christine.dumbach@flight.example.es
0000000330;Matthias Dumbach;Mr.;Franz-Marc-Str. 40;67105;Schifferstadt;DE;+49-865-278575;matthias.dumbach@flight.example.de
0000000331;Christine Dumbach;Mrs.;Pza. Pablo Ruiz Picasso 76;41006;Sevilla;ES;+34-150-634637;christine.dumbach@flight.example.es
0000000332;Fabio Dumbach;Mr.;Lerchenstr. 57;81375;Muenchen;DE;+49-410-499394;fabio.dumbach@flight.example.de
0000000333;Horst Dumbach;Mr.;Heidelberger Str. 39;68163;Mannheim;DE;+49-305-350819;horst.dumbach@flight.example.de
0000000334;Mathilde Dumbach;Mrs.;Max-Planck-Str. 21;58332;Schwelm;DE;+49-763-518482;mathilde.dumbach@flight.example.de
0000000335;Lothar Dumbach;Mr.;Arndtstrasse 57;67663;Kaiserslautern;DE;+49-463-216061;lothar.dumbach@flight.example.de
0000000336;Irene Dumbach;Mrs.;Wilhelminentr. 53;27299;Langwedel;DE;+49-964-337534;irene.dumbach@flight.example.de
0000000337;Kristina Dumbach;Mrs.;Albert-Schweitzer-Str. 8;11111;Berlin;DE;+49-706-020368;kristina.dumbach@flight.example.de
0000000338;Matthias Dumbach;Mr.;Meerfeldstr. 41;67105;Schifferstadt;DE;+49-213-551757;matthias.dumbach@flight.example.de
0000000339;Jasmin Goelke;Mrs.;N7, 6;55128;Mainz;DE;+49-585-004349;jasmin.goelke@flight.example.de
0000000341;Kurt Goelke;Mr.;Waldmann 36;79312;Emmendingen;DE;+49-849-828392;kurt.goelke@flight.example.de
0000000346;Irene Goelke;Mrs.;Albert-Schweitzer-Str. 54;27299;Langwedel;DE;+49-841-356888;irene.goelke@flight.example.de
0000000352;Annemarie Goelke;Mrs.;Marktplatz 60;66386;St. Ingbert;DE;+49-641-524503;annemarie.goelke@flight.example.de
0000000354;Dominik Goelke;Mr.;Wilhelminentr. 78;75305;Neuenburg;DE;+49-429-860183;dominik.goelke@flight.example.de
0000000355;Kurt Goelke;Mr.;Arndtstrasse 36;79312;Emmendingen;DE;+49-343-838437;kurt.goelke@flight.example.de
0000000356;Benjamin Goelke;Mr.;Rue Balzac 94;75839;Paris;FR;+33-417-405340;benjamin.goelke@flight.example.fr
0000000367;Uli Goelke;Mrs.;Franz-Marc-Str. 97;75757;Elsenz;DE;+49-179-645798;uli.goelke@flight.example.de
0000000368;Anna Goelke;Mrs.;Hasnerstrasse 13;4020;Linz;AT;+43-450-186491;anna.goelke@flight.example.at
0000000369;Johann Goelke;Mr.;Albert-Schweitzer-Str. 16;68789;St. Leon-Rot;DE;+49-757-505928;johann.goelke@flight.example.de
0000000370;Lothar Goelke;Mr.;Ausserhalb 57;67663;Kaiserslautern;DE;+49-914-779168;lothar.goelke@flight.example.de
0000000371;Matthias Goelke;Mr.;Heidelberger Str. 40;67105;Schifferstadt;DE;+49-392-584555;matthias.goelke@flight.example.de
0000000372;Chantal Goelke;Mrs.;rue Voltaire 47;B - 1030;Bruxelles;BE;+32-769-875278;chantal.goelke@flight.example.be
0000000375;Horst Goelke;Mr.;Karl-Schwaner-Str. 39;67105;Schifferstadt;DE;+49-451-612020;horst.goelke@flight.example.de
0000000376;Simon Goelke;Mr.;Carl-Metz Strasse 2;23496;Dielheim;DE;+49-859-898288;simon.goelke@flight.example.de
0000000377;Marta Waldmann;Mrs.;Stauboernchenstrasse 73;69180;Wiesloch;DE;+49-951-643849;marta.waldmann@flight.example.de
0000000378;Laura Waldmann;Mrs.;Jacobistrasse 34;79312;Emmendingen;DE;+49-330-659628;laura.waldmann@flight.example.de
0000000379;Horst Waldmann;Mr.;Gruenlingweg 39;67105;Schifferstadt;DE;+49-512-442639;horst.waldmann@flight.example.de
0000000380;Christoph Waldmann;Mr.;Auf dem Huegel 17;66464;Homburg;DE;+49-784-274202;christoph.waldmann@flight.example.de
0000000381;Jean-Luc Waldmann;Mr.;Lake Shore Drive 93;22334;San Francisco;US;+1-556-564052;jean-luc.waldmann@flight.example.us
0000000382;Astrid Waldmann;Mrs.;Alte Reichsstr. 80;71116;Gaertringen;DE;+49-622-300546;astrid.waldmann@flight.example.de
0000000383;Sophie Waldmann;Mrs.;rue Nieuport 44;78140;Vélizy;FR;+33-579-059129;sophie.waldmann@flight.example.fr
0000000384;Irmtraut Waldmann;Mrs.;Rankestr. 32;79104;Freiburg;DE;+49-714-329914;irmtraut.waldmann@flight.example.de
0000000385;Anneliese Waldmann;Mrs.;N7, 87;23056;Buxtehude;DE;+49-308-025443;anneliese.waldmann@flight.example.de
0000000386;Irene Waldmann;Mrs.;Zwischergasse 53;27299;Langwedel;DE;+49-571-840808;irene.waldmann@flight.example.de
0000000387;Roland Waldmann;Mr.;Hauptstr. 63;76137;Karlsruhe;DE;+49-162-331318;roland.waldmann@flight.example.de
0000000388;Christoph Waldmann;Mr.;Zwischergasse 17;66464;Homburg;DE;+49-854-467381;christoph.waldmann@flight.example.de
0000000389;Anna Waldmann;Mrs.;Hasnerstrasse 12;4020;Linz;AT;+43-660-037499;anna.waldmann@flight.example.at
0000000390;Ida Waldmann;Mrs.;Ausserhalb 61;79761;Waldshut;DE;+49-400-854667;ida.waldmann@flight.example.de
0000000391;Chantal Waldmann;Mrs.;rue Voltaire 48;B - 1030;Bruxelles;BE;+32-430-747575;chantal.waldmann@flight.example.be
0000000392;Gisela Mechler;Mrs.;Karl-Marx-Allee 27;64283;Darmstadt;DE;+49-849-688755;gisela.mechler@flight.example.de
0000000393;Laura Mechler;Mrs.;Am Deich 35;79312;Emmendingen;DE;+49-285-415553;laura.mechler@flight.example.de
0000000394;Lee Mechler;Mr.;Windstone Drive 66;07666;Teaneck;US;+1-932-984948;lee.mechler@flight.example.us
0000000395;Irene Mechler;Mrs.;Akazienweg 53;27299;Langwedel;DE;+49-181-877396;irene.mechler@flight.example.de
0000000397;Florian Mechler;Mr.;Voodoo Avenue 69;09765;Boulder;US;+1-241-647739;florian.mechler@flight.example.us
0000000399;Juan Mechler;Mr.;Piedad 72;28020;Madrid;ES;+34-672-249571;juan.mechler@flight.example.es
0000000400;Salvador Mechler;Mr.;Pza. Pablo Ruiz Picasso 75;41006;Sevilla;ES;+34-823-412420;salvador.mechler@flight.example.es
0000000401;Max Mechler;Mr.;Akazienweg 99;70111;Reutlingen;DE;+49-682-528204;max.mechler@flight.example.de
0000000402;Claire Mechler;Mrs.;route de Pégomas 46;78140;Vélizy;FR;+33-304-263768;claire.mechler@flight.example.fr
0000000403;Juan Mechler;Mr.;Dudweilerstr. 73;69180;Wiesloch;DE;+49-850-433660;juan.mechler@flight.example.de
0000000404;Kristina Mechler;Mrs.;Voodoo Avenue 9;17844;Washington;US;+1-279-900082;kristina.mechler@flight.example.us
0000000406;James Mechler;Mr.;Lake Shore Drive 92;22334;San Francisco;US;+1-581-513302;james.mechler@flight.example.us
0000000411;August Mechler;Mr.;Goeckinghofstr. 23;69121;Heidelberg;DE;+49-387-370136;august.mechler@flight.example.de
0000000413;Cindy Mechler;Mrs.;rue Nieuport 51;06130;Grasse;FR;+33-606-202295;cindy.mechler@flight.example.fr
0000000414;Jean-Luc Mechler;Mr.;Lake Shore Drive 92;22334;San Francisco;US;+1-879-173027;jean-luc.mechler@flight.example.us
0000000415;Fabio Buehler;Mr.;Alte Reichsstr. 56;81375;Muenchen;DE;+49-909-058710;fabio.buehler@flight.example.de
0000000416;Johann Buehler;Mr.;Mutterstadter Str. 16;68789;St. Leon-Rot;DE;+49-536-883299;johann.buehler@flight.example.de
0000000423;Cindy Buehler;Mrs.;rue Nieuport 51;06130;Grasse;FR;+33-620-659410;cindy.buehler@flight.example.fr
0000000424;Theresia Buehler;Mrs.;Golden Gate Drive 83;60657;Chicago;US;+1-240-674677;theresia.buehler@flight.example.us
0000000426;Claire Buehler;Mrs.;rue de Moillebeau 47;1211;Genève;CH;+41-561-829425;claire.buehler@flight.example.ch
0000000427;Adam Buehler;Mr.;Friedensallee 54;69483;Wald-Michelbach;DE;+49-508-546233;adam.buehler@flight.example.de
0000000428;Adam Heller;Mr.;Via Giulio Cesare 55;00195;Roma;IT;+39-715-387086;adam.heller@flight.example.it
0000000430;Max Heller;Mr.;Rankestr. 100;15344;Strausberg;DE;+49-134-936162;max.heller@flight.example.de
0000000436;Sophie Heller;Mrs.;Rue Balzac 45;78140;Vélizy;FR;+33-787-246313;sophie.heller@flight.example.fr
0000000437;Kristina Heller;Mrs.;Friedensallee 8;11111;Berlin;DE;+49-125-342907;kristina.heller@flight.example.de
0000000438;Friedrich Heller;Mr.;Ausserhalb 86;23056;Buxtehude;DE;+49-917-383915;friedrich.heller@flight.example.de
0000000439;Sophie Heller;Mrs.;rue Nieuport 45;78140;Vélizy;FR;+33-852-829006;sophie.heller@flight.example.fr
0000000440;Ida Heller;Mrs.;Heidelberger Str. 61;79761;Waldshut;DE;+49-915-050787;ida.heller@flight.example.de
0000000441;Andrej Heller;Mr.;Oak Street 11;17844;Washington;US;+1-677-591423;andrej.heller@flight.example.us
0000000442;Cindy Heller;Mrs.;Lake Shore Drive 50;76018;Arlington;US;+1-933-422142;cindy.heller@flight.example.us
0000000443;Uli Heller;Mrs.;Heidelberger Str. 97;75757;Elsenz;DE;+49-184-966937;uli.heller@flight.example.de
0000000444;Siegfried Heller;Mr.;Karl-Marx-Allee 98;70111;Reutlingen;DE;+49-425-067403;siegfried.heller@flight.example.de
0000000445;Simon Heller;Mr.;Stauboernchenstrasse 1;23496;Dielheim;DE;+49-936-995378;simon.heller@flight.example.de
0000000446;Volker Simonen;Mr.;Zwischergasse 4;86343;Koenigsbrunn;DE;+49-385-298120;volker.simonen@flight.example.de
0000000447;Dominik Simonen;Mr.;Hauptstr. 78;75305;Neuenburg;DE;+49-709-043988;dominik.simonen@flight.example.de
0000000448;Siegfried Simonen;Mr.;Leichhof 98;70111;Reutlingen;DE;+49-452-726256;siegfried.simonen@flight.example.de
0000000449;Theresia Simonen;Mrs.;17th St. 82;60657;Chicago;US;+1-540-692235;theresia.simonen@flight.example.us
0000000450;Guenther Simonen;Mr.;Froschstr. 37;68753;Amelie;DE;+49-585-010709;guenther.simonen@flight.example.de
0000000451;Anneliese Simonen;Mrs.;Froschstr. 87;16233;Potsdam;DE;+49-447-755909;anneliese.simonen@flight.example.de
0000000452;Guillermo Simonen;Mr.;Lake Shore Drive 68;17758;N. Massapequa;US;+1-617-748920;guillermo.simonen@flight.example.us
0000000453;Kristina Simonen;Mrs.;Voodoo Avenue 9;17844;Washington;US;+1-279-885346;kristina.simonen@flight.example.us
0000000454;Laura Simonen;Mrs.;Heidelberger Str. 35;79312;Emmendingen;DE;+49-854-533613;laura.simonen@flight.example.de
0000000455;Matthias Simonen;Mr.;Melissenstr. 40;67105;Schifferstadt;DE;+49-482-042576;matthias.simonen@flight.example.de
0000000456;Anneliese Simonen;Mrs.;Froschstr. 86;23056;Buxtehude;DE;+49-529-978307;anneliese.simonen@flight.example.de
0000000461;Georg Simonen;Mr.;Gemeindestr. 26;63150;Heusenstamm;DE;+49-328-779802;georg.simonen@flight.example.de
0000000462;Jasmin Simonen;Mrs.;Wilhelminentr. 5;86343;Koenigsbrunn;DE;+49-896-874521;jasmin.simonen@flight.example.de
0000000463;Ruth Simonen;Mrs.;Gartenstr. 81;71116;Gaertringen;DE;+49-911-411864;ruth.simonen@flight.example.de
0000000466;Lee Simonen;Mr.;17th St. 67;17758;N. Massapequa;US;+1-725-267570;lee.simonen@flight.example.us
0000000467;Walter Henry;Mr.;Gemeindestr. 44;68163;Mannheim-Lindenhof;DE;+49-838-117975;walter.henry@flight.example.de
0000000468;Salvador Henry;Mr.;Pza. Pablo Ruiz Picasso 75;41006;Sevilla;ES;+34-564-190639;salvador.henry@flight.example.es
0000000469;James Henry;Mr.;Federal Avenue 92;22334;San Francisco;US;+1-578-436927;james.henry@flight.example.us
0000000470;Johannes Henry;Mr.;Marktplatz 14;68723;Schwetzingen;DE;+49-669-038868;johannes.henry@flight.example.de
0000000472;Andreas Henry;Mr.;Lerchenstr. 19;69190;Walldorf;DE;+49-328-658017;andreas.henry@flight.example.de
0000000473;Siegfried Henry;Mr.;Gruenlingweg 99;70111;Reutlingen;DE;+49-947-683380;siegfried.henry@flight.example.de
0000000474;Gisela Henry;Mrs.;Im Warmet 27;64283;Darmstadt;DE;+49-499-403829;gisela.henry@flight.example.de
0000000475;Thilo Henry;Mr.;Federal Avenue 10;17844;Washington;US;+1-305-168373;thilo.henry@flight.example.us
0000000476;Johann Henry;Mr.;Lerchenstr. 15;68789;St. Leon-Rot;DE;+49-311-155983;johann.henry@flight.example.de
0000000477;Christa Henry;Mrs.;N7, 29;64283;Darmstadt;DE;+49-232-059363;christa.henry@flight.example.de
0000000478;Johannes Henry;Mr.;Muehltalstr. 14;68723;Schwetzingen;DE;+49-818-199309;johannes.henry@flight.example.de
0000000479;Ruth Henry;Mrs.;Albert-Schweitzer-Str. 81;71116;Gaertringen;DE;+49-893-555800;ruth.henry@flight.example.de
0000000480;Anneliese Henry;Mrs.;Froschstr. 87;16233;Potsdam;DE;+49-751-241982;anneliese.henry@flight.example.de
0000000481;Kristina Henry;Mrs.;Friedensallee 8;11111;Berlin;DE;+49-453-589729;kristina.henry@flight.example.de
0000000486;Lothar Henry;Mr.;N7, 58;66386;St. Ingbert;DE;+49-362-408421;lothar.henry@flight.example.de
0000000487;Achim Marshall;Mr.;Zwischergasse 63;76137;Karlsruhe;DE;+49-284-383617;achim.marshall@flight.example.de
0000000488;Adam Marshall;Mr.;Via Giulio Cesare 55;00195;Roma;IT;+39-956-284633;adam.marshall@flight.example.it
0000000489;Simon Marshall;Mr.;Wilhelminentr. 1;23496;Dielheim;DE;+49-799-096645;simon.marshall@flight.example.de
0000000490;Johann Marshall;Mr.;Lerchenstr. 15;68789;St. Leon-Rot;DE;+49-720-226112;johann.marshall@flight.example.de
0000000492;Guillermo Marshall;Mr.;Lake Shore Drive 69;17758;N. Massapequa;US;+1-381-501128;guillermo.marshall@flight.example.us
0000000493;Friedrich Marshall;Mr.;Erlengrund 86;23056;Buxtehude;DE;+49-573-190081;friedrich.marshall@flight.example.de
0000000496;Irene Marshall;Mrs.;Wilhelminentr. 54;69483;Wald-Michelbach;DE;+49-199-283379;irene.marshall@flight.example.de
0000000497;Roland Marshall;Mr.;Caspar-David-Friedrich-Str. 63;76137;Karlsruhe;DE;+49-540-588610;roland.marshall@flight.example.de
0000000505;Sophie Marshall;Mrs.;Rue Balzac 44;78140;Vélizy;FR;+33-883-981739;sophie.marshall@flight.example.fr
0000000506;Kurt Marshall;Mr.;Friedensallee 36;79312;Emmendingen;DE;+49-740-061550;kurt.marshall@flight.example.de
0000000511;Stephen Marshall;Mr.;Goeckinghofstr. 20;58332;Schwelm;DE;+49-801-590664;stephen.marshall@flight.example.de
0000000521;Pierre Marshall;Mr.;rue Nieuport 52;06130;Grasse;FR;+33-883-317052;pierre.marshall@flight.example.fr
0000000522;Johannes Marshall;Mr.;Melissenstr. 14;68723;Schwetzingen;DE;+49-157-908994;johannes.marshall@flight.example.de
0000000523;Matthias Marshall;Mr.;Zwischergasse 41;67105;Schifferstadt;DE;+49-691-662973;matthias.marshall@flight.example.de
0000000531;Horst Marshall;Mr.;Karl-Schwaner-Str. 39;68163;Mannheim;DE;+49-852-149536;horst.marshall@flight.example.de
0000000532;Kristina Legrand;Mrs.;Albert-Schweitzer-Str. 8;11111;Berlin;DE;+49-587-778394;kristina.legrand@flight.example.de
0000000533;Christine Legrand;Mrs.;Carl-Metz Strasse 77;75305;Neuenburg;DE;+49-461-926410;christine.legrand@flight.example.de
0000000534;Illya Legrand;Mr.;Karl-Marx-Allee 24;63150;Heusenstamm;DE;+49-862-561377;illya.legrand@flight.example.de
0000000536;Volker Legrand;Mr.;Wilhelminentr. 5;86343;Koenigsbrunn;DE;+49-795-040541;volker.legrand@flight.example.de
0000000537;Anna Legrand;Mrs.;Hasnerstrasse 13;4020;Linz;AT;+43-805-394157;anna.legrand@flight.example.at
0000000538;Georg Legrand;Mr.;Waldmann 26;63150;Heusenstamm;DE;+49-771-174000;georg.legrand@flight.example.de
0000000539;Andreas Jacqmain;Mr.;Arndtstrasse 19;69190;Walldorf;DE;+49-494-744614;andreas.jacqmain@flight.example.de
